{
  "concurso": 3679,
  "core_11": [
    1,
    2,
    4,
    7,
    12,
    13,
    15,
    16,
    19,
    20,
    25
  ],
  "ensemble_proba": [
    0.6030747294425964,
    0.6109318137168884,
    0.5946319699287415,
    0.622685968875885,
    0.5935238003730774,
    0.5997158885002136,
    0.6052684187889099,
    0.6027657985687256,
    0.6010714173316956,
    0.5996270775794983,
    0.6026002168655396,
    0.604085385799408,
    0.6036385893821716,
    0.5947216749191284,
    0.6128802299499512,
    0.6056589484214783,
    0.5959029793739319,
    0.5802180767059326,
    0.613862931728363,
    0.6046898365020752,
    0.5929701924324036,
    0.5923590064048767,
    0.5891943573951721,
    0.5994172096252441,
    0.6158799529075623
  ],
  "games": [
    {
      "numbers": [
        1,
        2,
        4,
        7,
        9,
        10,
        11,
        12,
        13,
        15,
        16,
        19,
        20,
        24,
        25
      ],
      "sum": 188
    },
    {
      "numbers": [
        1,
        2,
        4,
        7,
        8,
        9,
        11,
        12,
        13,
        15,
        16,
        19,
        20,
        24,
        25
      ],
      "sum": 186
    }
  ],
  "existing_games": [
    {
      "numbers": [
        2,
        3,
        4,
        5,
        7,
        9,
        10,
        11,
        12,
        13,
        14,
        15,
        20,
        22,
        25
      ],
      "sum": 172
    },
    {
      "numbers": [
        2,
        3,
        4,
        5,
        7,
        9,
        10,
        11,
        12,
        13,
        14,
        19,
        20,
        22,
        25
      ],
      "sum": 176
    }
  ]
}